,ham,spam
ham,0.981779206859593,0.0182207931404073
spam,0.333333333333333,0.666666666666667
