,ham,spam
ham,0.994640943193998,0.00535905680600214
spam,0.191489361702128,0.808510638297872
