,ham,spam
ham,1,0
spam,0.49645390070922,0.50354609929078
