,ham,spam
ham,0.9989281886388,0.00107181136120043
spam,0.198581560283688,0.801418439716312
