,ham,spam
ham,0.9989281886388,0.00107181136120043
spam,0.177304964539007,0.822695035460993
