,ham,spam
ham,1,0
spam,0.475177304964539,0.524822695035461
