,ham,spam
ham,1,0
spam,0.964539007092199,0.0354609929078014
