,ham,spam
ham,0.996784565916399,0.00321543408360129
spam,0.212765957446809,0.787234042553192
