,ham,spam
ham,1,0
spam,0.482269503546099,0.517730496453901
