,ham,spam
ham,0.993569131832797,0.00643086816720257
spam,0.212765957446809,0.787234042553192
