,ham,spam
ham,0.9989281886388,0.00107181136120043
spam,0.120567375886525,0.879432624113475
