,ham,spam
ham,0.997856377277599,0.00214362272240086
spam,0.219858156028369,0.780141843971631
