,ham,spam
ham,0.996784565916399,0.00321543408360129
spam,0.170212765957447,0.829787234042553
