,ham,spam
ham,1,0
spam,0.539007092198582,0.460992907801418
