,ham,spam
ham,1,0
spam,0.99290780141844,0.00709219858156028
