,ham,spam
ham,1,0
spam,0.333333333333333,0.666666666666667
